"id","question","correctOption"
1,"Did The Hurt Locker win the Academy Award for Best Picture in 2009?","yes"
2,"""After all, tomorrow is another day!"" is the last line from Star Trek ?","no"
3,"DId Linda Hamilton played the role of Sarah Connor in The terminator","yes"
4,"Was Christoper Nolan responsible for the epic movie Gladiator in 2000?","no"
5,"Is Frodo Baggins the name of the hobbit played by Elijah Wood in the Lord of the Rings movies?","yes"
6,"Did  Jennifer Lawrence  play Katniss Everdeen in the Hunger Games movies?","yes"
7,"Was the Academy Awards, or ""Oscars"", first presented in 1929?","yes"
8,"Was Indiana Jones and the Kingdom of the Crystal Skull the second Indiana Jones movie","no"
9,"Was Keeanu Reeves first performance a pepsi Ad ?","no"
10,"Was voldermort the father of Harry potter ?","no"
